<resources>

    <!-- Base application theme. -->
    <style name="AppTheme" parent="android:Theme.Holo.Light">
        <!-- Customize your theme here. -->
        <item name="colorPrimary">@color/colorPrimary</item>
        <item name="colorPrimaryDark">@color/colorPrimaryDark</item>
        <item name="colorAccent">@color/colorAccent</item>
      <item name="android:actionBarStyle">@style/invisible_action_bar_style</item>
    </style>
  <style name="invisible_action_bar_style" parent="android:Widget.Holo.ActionBar">
    <item name="android:height">0dp</item>
   
  </style>
</resources>
